Beam,Station (m),ETABS M3 (kN·m),2D M (kN·m),3D M (kN·m),FEM M (kN·m),Δ2D%,Δ3D%,ΔFEM%
B29,0.100,-5.66,-8.94,-9.03,-3.56,-58.0%,-59.6%,+37.0%
B29,0.550,1.02,-1.24,-1.29,0.21,-222.0%,-226.4%,-79.6%
B29,1.000,7.36,3.78,3.77,2.48,-48.7%,-48.7%,-66.3%
B29,1.000,7.91,3.78,3.77,2.48,-52.3%,-52.3%,-68.6%
B29,1.500,9.66,6.21,6.25,3.25,-35.7%,-35.3%,-66.3%
B29,2.000,11.00,5.35,5.41,2.18,-51.4%,-50.8%,-80.2%
B29,2.000,10.77,5.35,5.41,2.18,-50.4%,-49.8%,-79.8%
B29,2.450,6.99,1.74,1.82,-0.37,-75.1%,-73.9%,-105.3%
B29,2.900,2.88,-4.54,-4.44,-4.41,-257.8%,-254.5%,-253.3%
B29,0.100,-4.98,-8.94,-9.03,-3.56,-79.3%,-81.1%,+28.6%
B29,0.550,0.75,-1.24,-1.29,0.21,-266.7%,-272.6%,-72.2%
B29,1.000,6.09,3.78,3.77,2.48,-37.9%,-38.0%,-59.2%
B29,1.000,6.55,3.78,3.77,2.48,-42.3%,-42.4%,-62.1%
B29,1.500,8.10,6.21,6.25,3.25,-23.3%,-22.9%,-59.9%
B29,2.000,9.18,5.35,5.41,2.18,-41.8%,-41.1%,-76.3%
B29,2.000,8.99,5.35,5.41,2.18,-40.5%,-39.9%,-75.8%
B29,2.450,5.85,1.74,1.82,-0.37,-70.2%,-68.9%,-106.3%
B29,2.900,2.32,-4.54,-4.44,-4.41,-295.3%,-291.2%,-289.7%
B5,0.100,0.69,-4.54,-4.50,-4.40,-755.3%,-749.5%,-735.6%
B5,0.550,4.35,1.74,1.78,-0.34,-60.0%,-59.1%,-107.7%
B5,1.000,7.56,5.35,5.38,2.22,-29.3%,-28.8%,-70.6%
B5,1.000,7.70,5.35,5.38,2.22,-30.5%,-30.0%,-71.1%
B5,1.500,6.60,6.21,6.24,3.30,-5.9%,-5.5%,-50.0%
B5,2.000,4.95,3.78,3.78,2.53,-23.7%,-23.5%,-48.9%
B5,2.000,4.58,3.78,3.78,2.53,-17.5%,-17.3%,-44.8%
B5,2.450,-1.39,-1.24,-1.26,0.24,+10.6%,+9.5%,+117.2%
B5,2.900,-7.81,-8.94,-8.98,-3.55,-14.4%,-14.9%,+54.5%
B5,0.100,0.51,-4.54,-4.50,-4.40,-993.6%,-985.8%,-966.8%
B5,0.550,3.72,1.74,1.78,-0.34,-53.1%,-52.1%,-109.1%
B5,1.000,6.39,5.35,5.38,2.22,-16.4%,-15.8%,-65.2%
B5,1.000,6.51,5.35,5.38,2.22,-17.8%,-17.3%,-65.8%
B5,1.500,5.67,6.21,6.24,3.30,+9.7%,+10.1%,-41.7%
B5,2.000,4.17,3.78,3.78,2.53,-9.3%,-9.2%,-39.3%
B5,2.000,3.86,3.78,3.78,2.53,-2.0%,-1.9%,-34.4%
B5,2.450,-1.19,-1.24,-1.26,0.24,-4.8%,-6.1%,+120.1%
B5,2.900,-6.76,-8.94,-8.98,-3.55,-32.2%,-32.8%,+47.4%
B10,0.200,-4.85,-6.67,-6.40,-2.60,-37.4%,-31.8%,+46.5%
B10,0.600,0.46,-0.28,0.15,0.53,-161.1%,-67.6%,+16.3%
B10,1.000,5.40,3.99,4.53,2.48,-26.1%,-16.0%,-54.2%
B10,1.000,5.69,3.99,4.53,2.48,-29.9%,-20.3%,-56.5%
B10,1.500,6.46,6.35,6.98,3.25,-1.8%,+8.1%,-49.7%
B10,2.000,6.66,5.39,6.06,2.18,-19.1%,-8.9%,-67.3%
B10,2.000,6.45,5.39,6.06,2.18,-16.5%,-6.0%,-66.2%
B10,2.400,2.51,2.24,2.90,-0.01,-10.9%,+15.6%,-100.2%
B10,2.800,-1.79,-3.04,-2.42,-3.37,-69.3%,-34.9%,-87.8%
B10,0.200,-4.21,-6.67,-6.40,-2.60,-58.2%,-51.8%,+38.4%
B10,0.600,0.38,-0.28,0.15,0.53,-173.7%,-61.0%,+40.3%
B10,1.000,4.55,3.99,4.53,2.48,-12.2%,-0.3%,-45.6%
B10,1.000,4.79,3.99,4.53,2.48,-16.7%,-5.4%,-48.3%
B10,1.500,5.54,6.35,6.98,3.25,+14.5%,+26.1%,-41.4%
B10,2.000,5.63,5.39,6.06,2.18,-4.3%,+7.8%,-61.3%
B10,2.000,5.45,5.39,6.06,2.18,-1.2%,+11.2%,-60.0%
B10,2.400,2.16,2.24,2.90,-0.01,+3.6%,+34.5%,-100.2%
B10,2.800,-1.56,-3.04,-2.42,-3.37,-94.6%,-55.0%,-115.9%
B45,0.100,-3.85,-6.87,-6.60,-3.50,-78.4%,-71.4%,+9.2%
B45,0.550,1.35,0.29,0.46,0.12,-78.2%,-65.6%,-91.0%
B45,1.000,6.09,4.83,4.89,2.32,-20.7%,-19.7%,-61.9%
B45,1.000,6.39,4.83,4.89,2.32,-24.4%,-23.4%,-63.7%
B45,1.500,7.36,6.77,6.71,3.10,-8.1%,-8.9%,-58.0%
B45,2.000,7.78,5.46,5.27,2.12,-29.8%,-32.3%,-72.8%
B45,2.000,7.60,5.46,5.27,2.12,-28.2%,-30.7%,-72.1%
B45,2.450,4.07,1.50,1.18,-0.26,-63.2%,-71.0%,-106.4%
B45,2.900,0.09,-5.10,-5.55,-4.06,0.0%,0.0%,0.0%
B45,0.100,-3.40,-6.87,-6.60,-3.50,-102.3%,-94.4%,-2.9%
B45,0.550,1.15,0.29,0.46,0.12,-74.4%,-59.7%,-89.5%
B45,1.000,5.17,4.83,4.89,2.32,-6.6%,-5.3%,-55.1%
B45,1.000,5.42,4.83,4.89,2.32,-10.9%,-9.7%,-57.2%
B45,1.500,6.35,6.77,6.71,3.10,+6.7%,+5.8%,-51.2%
B45,2.000,6.62,5.46,5.27,2.12,-17.4%,-20.4%,-68.0%
B45,2.000,6.47,5.46,5.27,2.12,-15.6%,-18.6%,-67.3%
B45,2.450,3.51,1.50,1.18,-0.26,-57.2%,-66.3%,-107.4%
B45,2.900,0.01,-5.10,-5.55,-4.06,0.0%,0.0%,0.0%
B46,0.200,-4.49,-6.67,-6.23,-2.81,-48.6%,-39.0%,+37.4%
B46,0.600,0.15,-0.28,0.28,0.33,-285.8%,+84.7%,+120.5%
B46,1.000,4.42,3.99,4.63,2.31,-9.8%,+4.8%,-47.8%
B46,1.000,4.71,3.99,4.63,2.31,-15.2%,-1.6%,-50.9%
B46,1.500,5.56,6.35,7.06,3.16,+14.1%,+26.9%,-43.2%
B46,2.000,5.85,5.39,6.12,2.20,-7.9%,+4.6%,-62.3%
B46,2.000,5.67,5.39,6.12,2.20,-5.0%,+7.8%,-61.2%
B46,2.400,2.34,2.24,2.94,0.14,-4.3%,+26.0%,-94.1%
B46,2.800,-1.36,-3.04,-2.38,-3.08,-122.8%,-74.8%,-126.3%
B46,0.200,-3.91,-6.67,-6.23,-2.81,-70.6%,-59.5%,+28.2%
B46,0.600,0.13,-0.28,0.28,0.33,-314.9%,+113.6%,+155.0%
B46,1.000,3.75,3.99,4.63,2.31,+6.5%,+23.7%,-38.3%
B46,1.000,3.99,3.99,4.63,2.31,+0.1%,+16.3%,-42.0%
B46,1.500,4.81,6.35,7.06,3.16,+32.0%,+46.8%,-34.3%
B46,2.000,4.97,5.39,6.12,2.20,+8.4%,+23.0%,-55.7%
B46,2.000,4.82,5.39,6.12,2.20,+11.7%,+26.8%,-54.3%
B46,2.400,2.03,2.24,2.94,0.14,+10.4%,+45.3%,-93.2%
B46,2.800,-1.19,-3.04,-2.38,-3.08,-154.4%,-99.6%,-158.4%
B25,0.200,-5.62,-3.66,0.00,0.00,+35.0%,+100.0%,+100.0%
B25,0.600,3.57,2.50,0.00,0.00,-30.0%,-100.0%,-100.0%
B25,1.000,12.40,6.23,0.00,0.00,-49.7%,-100.0%,-100.0%
B25,1.000,13.35,6.23,0.00,0.00,-53.3%,-100.0%,-100.0%
B25,1.500,16.25,7.49,0.00,0.00,-53.9%,-100.0%,-100.0%
B25,2.000,18.59,4.97,0.00,0.00,-73.3%,-100.0%,-100.0%
B25,2.000,18.39,4.97,0.00,0.00,-73.0%,-100.0%,-100.0%
B25,2.500,13.93,-1.34,0.00,0.00,-109.6%,-100.0%,-100.0%
B25,3.000,8.91,-11.44,0.00,0.00,-228.4%,-100.0%,-100.0%
B25,0.200,-4.68,-3.66,0.00,0.00,+21.9%,+100.0%,+100.0%
B25,0.600,2.99,2.50,0.00,0.00,-16.4%,-100.0%,-100.0%
B25,1.000,10.24,6.23,0.00,0.00,-39.1%,-100.0%,-100.0%
B25,1.000,11.02,6.23,0.00,0.00,-43.4%,-100.0%,-100.0%
B25,1.500,13.54,7.49,0.00,0.00,-44.7%,-100.0%,-100.0%
B25,2.000,15.40,4.97,0.00,0.00,-67.7%,-100.0%,-100.0%
B25,2.000,15.23,4.97,0.00,0.00,-67.4%,-100.0%,-100.0%
B25,2.500,11.68,-1.34,0.00,0.00,-111.5%,-100.0%,-100.0%
B25,3.000,7.47,-11.44,0.00,0.00,-253.2%,-100.0%,-100.0%
B44,0.200,-6.82,-5.73,-2.48,0.00,+15.9%,+63.6%,+100.0%
B44,0.600,-0.33,0.32,3.08,0.00,+197.7%,+1043.5%,+100.0%
B44,1.000,5.80,4.31,6.60,0.00,-25.7%,+13.8%,-100.0%
B44,1.000,6.43,4.31,6.60,0.00,-32.9%,+2.7%,-100.0%
B44,1.500,7.61,6.42,8.13,0.00,-15.7%,+6.9%,-100.0%
B44,2.000,8.22,5.30,6.47,0.00,-35.4%,-21.3%,-100.0%
B44,2.000,7.91,5.30,6.47,0.00,-32.9%,-18.2%,-100.0%
B44,2.400,3.40,2.10,2.83,0.00,-38.1%,-16.7%,-100.0%
B44,2.800,-1.47,-3.16,-2.85,0.00,-114.0%,-93.1%,+100.0%
B44,0.200,-5.74,-5.73,-2.48,0.00,+0.2%,+56.7%,+100.0%
B44,0.600,-0.30,0.32,3.08,0.00,+208.0%,+1143.8%,+100.0%
B44,1.000,4.73,4.31,6.60,0.00,-8.8%,+39.7%,-100.0%
B44,1.000,5.25,4.31,6.60,0.00,-17.9%,+25.8%,-100.0%
B44,1.500,6.34,6.42,8.13,0.00,+1.1%,+28.2%,-100.0%
B44,2.000,6.77,5.30,6.47,0.00,-21.7%,-4.6%,-100.0%
B44,2.000,6.52,5.30,6.47,0.00,-18.7%,-0.9%,-100.0%
B44,2.400,2.86,2.10,2.83,0.00,-26.4%,-1.0%,-100.0%
B44,2.800,-1.23,-3.16,-2.85,0.00,-156.9%,-131.9%,+100.0%
B36,0.100,-11.17,-8.42,-7.49,-0.83,+24.6%,+32.9%,+92.6%
B36,0.550,-7.61,-2.76,-2.36,0.44,+63.7%,+69.0%,+105.8%
B36,1.000,-4.50,0.00,0.00,0.86,+100.0%,+100.0%,+119.1%
B36,1.000,-4.35,0.00,0.00,0.86,+100.0%,+100.0%,+119.8%
B36,1.450,-4.28,-0.13,-0.42,0.44,+96.9%,+90.3%,+110.3%
B36,1.900,-4.67,-3.17,-3.60,-0.83,+32.2%,+22.8%,+82.3%
B36,0.100,-9.59,-8.42,-7.49,-0.83,+12.2%,+21.8%,+91.4%
B36,0.550,-6.43,-2.76,-2.36,0.44,+57.0%,+63.3%,+106.8%
B36,1.000,-3.80,0.00,0.00,0.86,+100.0%,+100.0%,+122.7%
B36,1.000,-3.67,0.00,0.00,0.86,+100.0%,+100.0%,+123.5%
B36,1.450,-3.60,-0.13,-0.42,0.44,+96.3%,+88.5%,+112.2%
B36,1.900,-4.07,-3.17,-3.60,-0.83,+22.2%,+11.4%,+79.7%
B35,0.200,-9.72,-5.35,-2.12,0.00,+44.9%,+78.2%,+100.0%
B35,0.600,-1.08,0.28,3.05,0.00,+125.5%,+381.7%,+100.0%
B35,1.000,7.19,4.00,6.31,0.00,-44.5%,-12.3%,-100.0%
B35,1.000,7.97,4.00,6.31,0.00,-49.9%,-20.9%,-100.0%
B35,1.500,9.32,5.96,7.70,0.00,-36.1%,-17.4%,-100.0%
B35,2.000,10.11,4.93,6.11,0.00,-51.2%,-39.5%,-100.0%
B35,2.000,9.74,4.93,6.11,0.00,-49.4%,-37.2%,-100.0%
B35,2.400,4.17,1.96,2.70,0.00,-53.1%,-35.4%,-100.0%
B35,2.800,-1.75,-2.92,-2.63,0.00,-67.1%,-50.1%,+100.0%
B35,0.200,-8.23,-5.35,-2.12,0.00,+35.0%,+74.3%,+100.0%
B35,0.600,-0.97,0.28,3.05,0.00,+128.4%,+413.7%,+100.0%
B35,1.000,5.87,4.00,6.31,0.00,-31.9%,+7.5%,-100.0%
B35,1.000,6.51,4.00,6.31,0.00,-38.7%,-3.2%,-100.0%
B35,1.500,7.76,5.96,7.70,0.00,-23.2%,-0.7%,-100.0%
B35,2.000,8.34,4.93,6.11,0.00,-40.9%,-26.7%,-100.0%
B35,2.000,8.04,4.93,6.11,0.00,-38.6%,-23.9%,-100.0%
B35,2.400,3.50,1.96,2.70,0.00,-44.0%,-22.9%,-100.0%
B35,2.800,-1.46,-2.92,-2.63,0.00,-99.6%,-79.3%,+100.0%
B2,0.100,0.78,-9.83,-10.06,-9.44,-1352.2%,-1382.4%,-1302.4%
B2,0.550,7.39,2.44,2.22,-0.88,-67.0%,-70.0%,-111.9%
B2,1.000,13.54,10.01,9.82,4.48,-26.1%,-27.5%,-66.9%
B2,1.000,13.97,10.01,9.82,4.48,-28.4%,-29.7%,-67.9%
B2,1.500,12.88,12.91,12.76,6.71,+0.2%,-1.0%,-47.9%
B2,2.000,11.23,10.01,9.91,5.00,-10.9%,-11.8%,-55.5%
B2,2.000,10.29,10.01,9.91,5.00,-2.7%,-3.7%,-51.4%
B2,2.450,1.31,2.44,2.40,0.10,+85.9%,+82.6%,-92.2%
B2,2.900,-8.12,-9.83,-9.80,-7.98,-21.0%,-20.8%,+1.7%
B2,0.100,0.60,-9.83,-10.06,-9.44,-1743.0%,-1782.7%,-1677.7%
B2,0.550,6.17,2.44,2.22,-0.88,-60.4%,-64.0%,-114.3%
B2,1.000,11.20,10.01,9.82,4.48,-10.6%,-12.4%,-60.0%
B2,1.000,11.56,10.01,9.82,4.48,-13.4%,-15.1%,-61.2%
B2,1.500,10.76,12.91,12.76,6.71,+20.0%,+18.6%,-37.6%
B2,2.000,9.30,10.01,9.91,5.00,+7.6%,+6.6%,-46.2%
B2,2.000,8.52,10.01,9.91,5.00,+17.5%,+16.4%,-41.3%
B2,2.450,1.14,2.44,2.40,0.10,+114.9%,+111.1%,-91.0%
B2,2.900,-6.78,-9.83,-9.80,-7.98,-44.9%,-44.6%,-17.8%
B15,0.200,-4.81,-3.11,0.00,0.00,+35.4%,+100.0%,+100.0%
B15,0.600,4.04,2.12,0.00,0.00,-47.5%,-100.0%,-100.0%
B15,1.000,12.52,5.29,0.00,0.00,-57.7%,-100.0%,-100.0%
B15,1.000,13.46,5.29,0.00,0.00,-60.7%,-100.0%,-100.0%
B15,1.500,16.09,6.37,0.00,0.00,-60.4%,-100.0%,-100.0%
B15,2.000,18.15,4.22,0.00,0.00,-76.7%,-100.0%,-100.0%
B15,2.000,17.90,4.22,0.00,0.00,-76.4%,-100.0%,-100.0%
B15,2.500,13.01,-1.13,0.00,0.00,-108.7%,-100.0%,-100.0%
B15,3.000,7.55,-9.70,0.00,0.00,-228.4%,-100.0%,-100.0%
B15,0.200,-4.02,-3.11,0.00,0.00,+22.8%,+100.0%,+100.0%
B15,0.600,3.38,2.12,0.00,0.00,-37.2%,-100.0%,-100.0%
B15,1.000,10.36,5.29,0.00,0.00,-48.9%,-100.0%,-100.0%
B15,1.000,11.13,5.29,0.00,0.00,-52.4%,-100.0%,-100.0%
B15,1.500,13.41,6.37,0.00,0.00,-52.5%,-100.0%,-100.0%
B15,2.000,15.04,4.22,0.00,0.00,-71.9%,-100.0%,-100.0%
B15,2.000,14.83,4.22,0.00,0.00,-71.5%,-100.0%,-100.0%
B15,2.500,10.90,-1.13,0.00,0.00,-110.4%,-100.0%,-100.0%
B15,3.000,6.32,-9.70,0.00,0.00,-253.6%,-100.0%,-100.0%
B16,0.000,0.00,-14.04,0.00,0.00,0.0%,0.0%,0.0%
B16,0.500,1.26,0.46,0.00,0.00,-63.5%,-100.0%,-100.0%
B16,1.000,1.96,9.16,0.00,0.00,+368.3%,-100.0%,-100.0%
B16,1.000,3.74,9.16,0.00,0.00,+144.8%,-100.0%,-100.0%
B16,1.500,4.16,12.06,0.00,0.00,+189.8%,-100.0%,-100.0%
B16,2.000,4.02,9.16,0.00,0.00,+128.1%,-100.0%,-100.0%
B16,2.000,2.41,9.16,0.00,0.00,+280.0%,-100.0%,-100.0%
B16,2.500,1.49,0.46,0.00,0.00,-69.1%,-100.0%,-100.0%
B16,3.000,0.00,-14.04,0.00,0.00,0.0%,0.0%,0.0%
B16,0.000,0.00,-14.04,0.00,0.00,0.0%,0.0%,0.0%
B16,0.500,1.14,0.46,0.00,0.00,-59.5%,-100.0%,-100.0%
B16,1.000,1.61,9.16,0.00,0.00,+467.4%,-100.0%,-100.0%
B16,1.000,3.09,9.16,0.00,0.00,+196.2%,-100.0%,-100.0%
B16,1.500,3.54,12.06,0.00,0.00,+240.7%,-100.0%,-100.0%
B16,2.000,3.33,9.16,0.00,0.00,+175.4%,-100.0%,-100.0%
B16,2.000,2.00,9.16,0.00,0.00,+357.9%,-100.0%,-100.0%
B16,2.500,1.33,0.46,0.00,0.00,-65.4%,-100.0%,-100.0%
B16,3.000,0.00,-14.04,0.00,0.00,0.0%,0.0%,0.0%
B18,0.100,-7.60,-8.26,-8.20,-3.34,-8.7%,-8.0%,+56.1%
B18,0.550,-2.30,-1.12,-1.12,0.03,+51.3%,+51.3%,+101.2%
B18,1.000,2.53,3.28,3.25,2.11,+29.5%,+28.3%,-16.9%
B18,1.000,2.83,3.28,3.25,2.11,+16.0%,+15.0%,-25.5%
B18,1.500,3.43,4.97,4.93,2.90,+44.7%,+43.7%,-15.5%
B18,2.000,3.47,3.28,3.27,2.11,-5.5%,-5.9%,-39.3%
B18,2.000,3.23,3.28,3.27,2.11,+1.5%,+1.1%,-34.8%
B18,2.450,-1.02,-1.12,-1.09,0.03,-10.2%,-7.5%,+102.8%
B18,2.900,-5.73,-8.26,-8.16,-3.34,-44.2%,-42.6%,+41.7%
B18,0.100,-6.57,-8.26,-8.20,-3.34,-25.7%,-24.9%,+49.2%
B18,0.550,-1.93,-1.12,-1.12,0.03,+41.9%,+42.0%,+101.5%
B18,1.000,2.17,3.28,3.25,2.11,+51.0%,+49.7%,-3.1%
B18,1.000,2.42,3.28,3.25,2.11,+35.6%,+34.4%,-13.0%
B18,1.500,3.02,4.97,4.93,2.90,+64.4%,+63.2%,-4.0%
B18,2.000,2.96,3.28,3.27,2.11,+10.7%,+10.2%,-28.9%
B18,2.000,2.76,3.28,3.27,2.11,+18.8%,+18.2%,-23.7%
B18,2.450,-0.85,-1.12,-1.09,0.03,-32.3%,-29.1%,+103.4%
B18,2.900,-4.99,-8.26,-8.16,-3.34,-65.4%,-63.6%,+33.1%
B28,0.200,-4.29,-9.41,-6.97,-7.31,-119.6%,-62.6%,-70.6%
B28,0.600,1.98,-0.20,2.02,-2.06,-110.1%,+1.7%,-204.1%
B28,1.000,7.88,6.57,8.54,1.89,-16.7%,+8.3%,-76.1%
B28,1.000,8.26,6.57,8.54,1.89,-20.4%,+3.4%,-77.1%
B28,1.500,10.40,11.60,13.24,5.00,+11.6%,+27.3%,-51.9%
B28,2.000,11.97,12.82,14.09,6.07,+7.1%,+17.7%,-49.3%
B28,2.000,11.87,12.82,14.09,6.07,+8.0%,+18.7%,-48.8%
B28,2.500,8.39,10.23,11.11,5.12,+22.0%,+32.4%,-39.0%
B28,3.000,4.34,3.83,4.28,2.13,-11.7%,-1.3%,-50.8%
B28,3.000,3.78,3.83,4.28,2.13,+1.3%,+13.3%,-43.6%
B28,3.400,-3.17,-4.03,-3.94,-1.72,-27.2%,-24.3%,+45.8%
B28,3.800,-10.49,-14.34,-14.63,-6.87,-36.7%,-39.5%,+34.5%
B28,0.200,-3.64,-9.41,-6.97,-7.31,-158.2%,-91.2%,-100.7%
B28,0.600,1.73,-0.20,2.02,-2.06,-111.6%,+16.7%,-219.5%
B28,1.000,6.67,6.57,8.54,1.89,-1.6%,+27.9%,-71.7%
B28,1.000,6.99,6.57,8.54,1.89,-6.0%,+22.2%,-73.0%
B28,1.500,8.89,11.60,13.24,5.00,+30.5%,+48.9%,-43.8%
B28,2.000,10.13,12.82,14.09,6.07,+26.6%,+39.1%,-40.0%
B28,2.000,10.05,12.82,14.09,6.07,+27.6%,+40.3%,-39.5%
B28,2.500,7.19,10.23,11.11,5.12,+42.4%,+54.6%,-28.7%
B28,3.000,3.66,3.83,4.28,2.13,+4.6%,+16.9%,-41.7%
B28,3.000,3.19,3.83,4.28,2.13,+20.0%,+34.1%,-33.2%
B28,3.400,-2.69,-4.03,-3.94,-1.72,-49.7%,-46.4%,+36.2%
B28,3.800,-9.00,-14.34,-14.63,-6.87,-59.2%,-62.5%,+23.7%
B43,0.200,-8.17,-9.50,-10.17,-2.63,-16.4%,-24.5%,+67.8%
B43,0.600,-3.82,-2.77,-3.29,0.31,+27.6%,+14.0%,+108.0%
B43,1.000,0.16,1.73,1.32,2.17,+1008.6%,+745.8%,+1288.6%
B43,1.000,0.44,1.73,1.32,2.17,+291.5%,+198.7%,+390.4%
B43,1.500,1.45,4.22,3.89,3.00,+191.3%,+168.7%,+106.8%
B43,2.000,1.89,3.22,2.92,2.15,+70.4%,+54.5%,+13.6%
B43,2.000,1.73,3.22,2.92,2.15,+85.8%,+68.4%,+23.9%
B43,2.400,-1.23,-0.09,-0.41,0.26,+92.6%,+66.6%,+121.4%
B43,2.800,-4.57,-5.64,-6.01,-2.69,-23.5%,-31.8%,+41.0%
B43,0.200,-7.03,-9.50,-10.17,-2.63,-35.3%,-44.7%,+62.6%
B43,0.600,-3.23,-2.77,-3.29,0.31,+14.2%,-1.9%,+109.5%
B43,1.000,0.15,1.73,1.32,2.17,+1062.9%,+787.2%,+1356.6%
B43,1.000,0.39,1.73,1.32,2.17,+344.4%,+239.0%,+456.6%
B43,1.500,1.33,4.22,3.89,3.00,+216.8%,+192.2%,+124.9%
B43,2.000,1.62,3.22,2.92,2.15,+99.4%,+80.8%,+33.0%
B43,2.000,1.48,3.22,2.92,2.15,+117.0%,+96.7%,+44.7%
B43,2.400,-1.03,-0.09,-0.41,0.26,+91.2%,+60.0%,+125.6%
B43,2.800,-3.97,-5.64,-6.01,-2.69,-42.0%,-51.6%,+32.2%
B42,0.100,-4.26,-9.83,-9.69,-7.84,-130.8%,-127.6%,-84.2%
B42,0.550,2.73,2.44,2.48,0.02,-10.6%,-9.3%,-99.4%
B42,1.000,9.26,10.01,9.95,4.79,+8.1%,+7.5%,-48.2%
B42,1.000,9.97,10.01,9.95,4.79,+0.4%,-0.2%,-51.9%
B42,1.500,11.14,12.91,12.76,6.49,+15.9%,+14.5%,-41.8%
B42,2.000,11.73,10.01,9.77,4.38,-14.7%,-16.7%,-62.7%
B42,2.000,11.32,10.01,9.77,4.38,-11.6%,-13.7%,-61.3%
B42,2.450,5.91,2.44,2.13,-0.77,-58.7%,-63.9%,-113.1%
B42,2.900,0.04,-9.83,-10.19,-9.01,0.0%,0.0%,0.0%
B42,0.100,-3.56,-9.83,-9.69,-7.84,-176.3%,-172.4%,-120.4%
B42,0.550,2.32,2.44,2.48,0.02,+5.3%,+6.9%,-99.3%
B42,1.000,7.66,10.01,9.95,4.79,+30.7%,+30.0%,-37.4%
B42,1.000,8.24,10.01,9.95,4.79,+21.4%,+20.7%,-41.9%
B42,1.500,9.30,12.91,12.76,6.49,+38.8%,+37.2%,-30.2%
B42,2.000,9.70,10.01,9.77,4.38,+3.2%,+0.8%,-54.9%
B42,2.000,9.36,10.01,9.77,4.38,+7.0%,+4.4%,-53.2%
B42,2.450,4.94,2.44,2.13,-0.77,-50.6%,-56.8%,-115.7%
B42,2.900,-0.01,-9.83,-10.19,-9.01,0.0%,0.0%,0.0%
B22,0.000,-6.86,-4.31,0.00,0.00,+37.1%,+100.0%,+100.0%
B22,0.500,-5.11,0.91,0.00,0.00,+117.7%,+100.0%,+100.0%
B22,1.000,-3.93,2.90,0.00,0.00,+173.9%,+100.0%,+100.0%
B22,1.000,-4.68,2.90,0.00,0.00,+161.9%,+100.0%,+100.0%
B22,1.500,-2.06,1.67,0.00,0.00,+181.1%,+100.0%,+100.0%
B22,2.000,0.00,-2.78,0.00,0.00,0.0%,0.0%,0.0%
B22,0.000,-5.76,-4.31,0.00,0.00,+25.2%,+100.0%,+100.0%
B22,0.500,-4.22,0.91,0.00,0.00,+121.5%,+100.0%,+100.0%
B22,1.000,-3.34,2.90,0.00,0.00,+186.8%,+100.0%,+100.0%
B22,1.000,-3.96,2.90,0.00,0.00,+173.1%,+100.0%,+100.0%
B22,1.500,-1.65,1.67,0.00,0.00,+201.0%,+100.0%,+100.0%
B22,2.000,0.00,-2.78,0.00,0.00,0.0%,0.0%,0.0%
B21,0.000,0.00,-0.18,0.00,0.00,0.0%,0.0%,0.0%
B21,0.500,-2.86,0.48,0.00,0.00,+116.9%,+100.0%,+100.0%
B21,1.000,-6.28,-2.99,0.00,0.00,+52.3%,+100.0%,+100.0%
B21,0.000,0.00,-0.18,0.00,0.00,0.0%,0.0%,0.0%
B21,0.500,-2.29,0.48,0.00,0.00,+121.1%,+100.0%,+100.0%
B21,1.000,-5.24,-2.99,0.00,0.00,+42.9%,+100.0%,+100.0%
B30,0.000,2.15,-2.51,0.00,0.00,-216.8%,-100.0%,-100.0%
B30,0.500,1.36,0.30,0.00,0.00,-77.9%,-100.0%,-100.0%
B30,1.000,0.00,0.30,0.00,0.00,0.0%,0.0%,0.0%
B30,0.000,1.95,-2.51,0.00,0.00,-229.0%,-100.0%,-100.0%
B30,0.500,1.30,0.30,0.00,0.00,-77.0%,-100.0%,-100.0%
B30,1.000,0.00,0.30,0.00,0.00,0.0%,0.0%,0.0%
B31,0.000,9.64,-6.51,0.00,0.00,-167.6%,-100.0%,-100.0%
B31,0.450,0.17,0.66,0.00,0.00,+282.7%,-100.0%,-100.0%
B31,0.900,-9.75,1.68,0.00,0.00,+117.3%,+100.0%,+100.0%
B31,0.000,8.20,-6.51,0.00,0.00,-179.4%,-100.0%,-100.0%
B31,0.450,0.28,0.66,0.00,0.00,+137.6%,-100.0%,-100.0%
B31,0.900,-8.18,1.68,0.00,0.00,+120.6%,+100.0%,+100.0%
B32,0.000,0.00,1.08,0.00,0.00,0.0%,0.0%,0.0%
B32,0.400,-5.41,1.63,0.00,0.00,+130.1%,+100.0%,+100.0%
B32,0.800,-11.18,-2.20,0.00,0.00,+80.3%,+100.0%,+100.0%
B32,0.000,0.00,1.08,0.00,0.00,0.0%,0.0%,0.0%
B32,0.400,-4.51,1.63,0.00,0.00,+136.1%,+100.0%,+100.0%
B32,0.800,-9.44,-2.20,0.00,0.00,+76.7%,+100.0%,+100.0%
B13,0.100,-1.31,-5.56,0.00,0.00,-324.3%,+100.0%,+100.0%
B13,0.550,6.68,1.86,0.00,0.00,-72.2%,-100.0%,-100.0%
B13,1.000,14.22,6.22,0.00,0.00,-56.3%,-100.0%,-100.0%
B13,1.000,14.99,6.22,0.00,0.00,-58.5%,-100.0%,-100.0%
B13,1.500,16.89,7.48,0.00,0.00,-55.7%,-100.0%,-100.0%
B13,2.000,18.22,4.96,0.00,0.00,-72.8%,-100.0%,-100.0%
B13,2.000,17.97,4.96,0.00,0.00,-72.4%,-100.0%,-100.0%
B13,2.500,14.13,-1.33,0.00,0.00,-109.4%,-100.0%,-100.0%
B13,3.000,9.74,-11.40,0.00,0.00,-217.1%,-100.0%,-100.0%
B13,0.100,-1.15,-5.56,0.00,0.00,-384.5%,+100.0%,+100.0%
B13,0.550,5.58,1.86,0.00,0.00,-66.7%,-100.0%,-100.0%
B13,1.000,11.77,6.22,0.00,0.00,-47.2%,-100.0%,-100.0%
B13,1.000,12.42,6.22,0.00,0.00,-49.9%,-100.0%,-100.0%
B13,1.500,14.10,7.48,0.00,0.00,-47.0%,-100.0%,-100.0%
B13,2.000,15.13,4.96,0.00,0.00,-67.2%,-100.0%,-100.0%
B13,2.000,14.93,4.96,0.00,0.00,-66.8%,-100.0%,-100.0%
B13,2.500,11.92,-1.33,0.00,0.00,-111.2%,-100.0%,-100.0%
B13,3.000,8.25,-11.40,0.00,0.00,-238.1%,-100.0%,-100.0%
B6,0.200,-7.75,-9.50,-10.01,-2.62,-22.7%,-29.2%,+66.2%
B6,0.600,-3.48,-2.77,-3.17,0.26,+20.4%,+8.8%,+107.6%
B6,1.000,0.43,1.73,1.40,2.11,+302.3%,+223.7%,+388.4%
B6,1.000,0.74,1.73,1.40,2.11,+135.4%,+89.4%,+185.8%
B6,1.500,1.70,4.22,3.91,2.94,+148.2%,+130.0%,+73.1%
B6,2.000,2.10,3.22,2.88,2.16,+53.4%,+37.4%,+2.9%
B6,2.000,1.94,3.22,2.88,2.16,+65.6%,+48.3%,+11.1%
B6,2.400,-1.63,-0.09,-0.49,0.36,+94.4%,+69.8%,+122.3%
B6,2.800,-5.56,-5.64,-6.13,-2.47,-1.4%,-10.4%,+55.5%
B6,0.200,-6.68,-9.50,-10.01,-2.62,-42.3%,-49.8%,+60.8%
B6,0.600,-2.94,-2.77,-3.17,0.26,+5.7%,-8.0%,+109.0%
B6,1.000,0.39,1.73,1.40,2.11,+350.2%,+262.3%,+446.6%
B6,1.000,0.64,1.73,1.40,2.11,+169.7%,+117.0%,+227.4%
B6,1.500,1.55,4.22,3.91,2.94,+171.7%,+151.8%,+89.5%
B6,2.000,1.81,3.22,2.88,2.16,+78.4%,+59.8%,+19.7%
B6,2.000,1.68,3.22,2.88,2.16,+92.3%,+72.2%,+28.9%
B6,2.400,-1.35,-0.09,-0.49,0.36,+93.2%,+63.6%,+126.9%
B6,2.800,-4.79,-5.64,-6.13,-2.47,-17.6%,-28.0%,+48.4%
B11,0.100,-0.48,-12.33,-12.15,-8.79,-2484.2%,-2446.2%,-1742.1%
B11,0.550,5.64,-1.38,-1.24,-2.68,-124.5%,-121.9%,-147.5%
B11,1.000,11.31,6.50,6.61,1.82,-42.5%,-41.5%,-83.9%
B11,1.000,11.67,6.50,6.61,1.82,-44.3%,-43.3%,-84.4%
B11,1.500,13.33,11.66,11.73,4.92,-12.5%,-12.0%,-63.1%
B11,2.000,14.42,13.04,13.05,6.03,-9.6%,-9.5%,-58.2%
B11,2.000,14.30,13.04,13.05,6.03,-8.8%,-8.7%,-57.8%
B11,2.500,10.36,10.64,10.58,5.15,+2.7%,+2.1%,-50.3%
B11,3.000,5.86,4.44,4.32,2.28,-24.1%,-26.3%,-61.0%
B11,3.000,5.27,4.44,4.32,2.28,-15.6%,-17.9%,-56.6%
B11,3.450,-2.81,-4.36,-4.56,-2.00,-55.1%,-61.8%,+28.8%
B11,3.900,-11.35,-16.24,-16.50,-7.90,-43.0%,-45.4%,+30.4%
B11,0.100,-0.49,-12.33,-12.15,-8.79,-2434.3%,-2397.0%,-1706.5%
B11,0.550,4.82,-1.38,-1.24,-2.68,-128.7%,-125.6%,-155.7%
B11,1.000,9.59,6.50,6.61,1.82,-32.2%,-31.0%,-81.1%
B11,1.000,9.89,6.50,6.61,1.82,-34.3%,-33.2%,-81.6%
B11,1.500,11.38,11.66,11.73,4.92,+2.5%,+3.0%,-56.8%
B11,2.000,12.21,13.04,13.05,6.03,+6.8%,+6.8%,-50.6%
B11,2.000,12.11,13.04,13.05,6.03,+7.7%,+7.8%,-50.2%
B11,2.500,8.86,10.64,10.58,5.15,+20.0%,+19.4%,-41.8%
B11,3.000,4.96,4.44,4.32,2.28,-10.3%,-12.8%,-53.9%
B11,3.000,4.45,4.44,4.32,2.28,-0.2%,-3.0%,-48.8%
B11,3.450,-2.39,-4.36,-4.56,-2.00,-82.6%,-90.6%,+16.1%
B11,3.900,-9.77,-16.24,-16.50,-7.90,-66.2%,-69.0%,+19.1%
B1,0.200,-2.96,-9.41,-6.84,-7.31,-218.2%,-131.3%,-147.3%
B1,0.600,2.71,-0.20,2.13,-2.06,-107.4%,-21.6%,-176.0%
B1,1.000,8.02,6.57,8.63,1.89,-18.1%,+7.6%,-76.4%
B1,1.000,8.38,6.57,8.63,1.89,-21.6%,+3.0%,-77.5%
B1,1.500,10.25,11.60,13.31,5.00,+13.2%,+29.8%,-51.2%
B1,2.000,11.55,12.82,14.14,6.08,+11.0%,+22.4%,-47.4%
B1,2.000,11.44,12.82,14.14,6.08,+12.1%,+23.5%,-46.9%
B1,2.500,7.91,10.23,11.12,5.12,+29.3%,+40.6%,-35.3%
B1,3.000,3.82,3.83,4.27,2.13,+0.4%,+11.8%,-44.1%
B1,3.000,3.26,3.83,4.27,2.13,+17.6%,+31.0%,-34.6%
B1,3.400,-3.54,-4.03,-3.99,-1.72,-14.1%,-12.7%,+51.3%
B1,3.800,-10.69,-14.34,-14.70,-6.88,-34.1%,-37.5%,+35.7%
B1,0.200,-2.58,-9.41,-6.84,-7.31,-265.0%,-165.3%,-183.7%
B1,0.600,2.32,-0.20,2.13,-2.06,-108.6%,-8.2%,-189.0%
B1,1.000,6.79,6.57,8.63,1.89,-3.2%,+27.2%,-72.2%
B1,1.000,7.09,6.57,8.63,1.89,-7.3%,+21.8%,-73.3%
B1,1.500,8.76,11.60,13.31,5.00,+32.4%,+51.9%,-42.9%
B1,2.000,9.77,12.82,14.14,6.08,+31.2%,+44.6%,-37.8%
B1,2.000,9.69,12.82,14.14,6.08,+32.4%,+46.0%,-37.3%
B1,2.500,6.78,10.23,11.12,5.12,+50.9%,+64.0%,-24.5%
B1,3.000,3.22,3.83,4.27,2.13,+19.0%,+32.5%,-33.8%
B1,3.000,2.75,3.83,4.27,2.13,+39.3%,+55.1%,-22.5%
B1,3.400,-3.00,-4.03,-3.99,-1.72,-34.4%,-32.7%,+42.6%
B1,3.800,-9.18,-14.34,-14.70,-6.88,-56.2%,-60.2%,+25.1%